-- 初始化演示数据（docker-entrypoint-initdb.d 中在 schema.sql 之后执行）
USE `help_mp`;
SET NAMES utf8mb4;

-- ========== 模拟用户（15人） ==========
INSERT INTO `user` (`openid`,`nick_name`,`avatar_url`,`red_flower_total`,`badge_level`,`status`) VALUES
('oid_zhangsan',  '张三', '/images/tab-placeholder.png', 25,  2, 1),
('oid_lisi',      '李四', '/images/tab-placeholder.png', 8,   1, 1),
('oid_wangwu',    '王五', '/images/tab-placeholder.png', 120, 3, 1),
('oid_zhaoliu',   '赵六', '/images/tab-placeholder.png', 3,   0, 1),
('oid_sunqi',     '孙七', '/images/tab-placeholder.png', 55,  2, 1),
('oid_zhouba',    '周八', '/images/tab-placeholder.png', 0,   0, 1),
('oid_wujiu',     '吴九', '/images/tab-placeholder.png', 210, 3, 1),
('oid_zhengshi',  '郑十', '/images/tab-placeholder.png', 500, 4, 1),
('oid_liuwei',    '刘伟', '/images/tab-placeholder.png', 35,  2, 1),
('oid_chenxia',   '陈夏', '/images/tab-placeholder.png', 68,  2, 1),
('oid_yangfang',  '杨芳', '/images/tab-placeholder.png', 15,  1, 1),
('oid_huangming', '黄明', '/images/tab-placeholder.png', 0,   0, 1),
('oid_linxue',    '林雪', '/images/tab-placeholder.png', 180, 3, 1),
('oid_hejun',     '何军', '/images/tab-placeholder.png', 520, 4, 1),
('oid_guoli',     '郭丽', '/images/tab-placeholder.png', 42,  2, 1);

-- ========== 求助信息（20条，覆盖10个城市） ==========
INSERT INTO `help_request` (`user_id`,`latitude`,`longitude`,`address`,`urgency_level`,`content`,`status`) VALUES
(1,  39.9042000, 116.4074000, '北京市东城区天安门广场',             1, '老人在天安门附近摔倒，头部有伤口正在流血，需要急救帮助，请附近的朋友帮忙拨打120！', 1),
(2,  31.2304000, 121.4737000, '上海市黄浦区南京东路步行街',         2, '钱包丢失在南京路步行街星巴克附近，里面有身份证和三张银行卡，急寻好心人！', 1),
(3,  23.1291000, 113.2644000, '广州市天河区体育西路天河城',         1, '小孩在天河城三楼走失，5岁男孩，穿红色外套蓝色牛仔裤，名叫小明，请帮忙留意！', 1),
(1,  39.9150000, 116.4040000, '北京市西城区西单大悦城',             3, '周末搬家需要两个人帮忙搬家具到五楼，有偿200元，西单附近下午2点集合', 1),
(4,  30.5728000, 104.0668000, '成都市锦江区春熙路太古里',           2, '电动车在春熙路太古里门口没电了，车上有急需送达的文件，谁能借个充电宝或帮忙推一段？', 1),
(5,  22.5431000, 114.0579000, '深圳市南山区科技园A4栋',             1, '同事突发低血糖晕倒在工位上，急需含糖饮料或巧克力，科技园A4栋12楼，已拨打120', 1),
(2,  31.2350000, 121.4800000, '上海市浦东新区陆家嘴环球金融中心',   3, '找人拼车去浦东机场T2航站楼，今晚8点出发，可平摊费用，最多坐3人', 1),
(6,  34.2583000, 108.9286000, '西安市雁塔区大雁塔北广场',           2, '金毛犬在大雁塔北广场附近走丢，戴蓝色项圈，名叫豆豆，看到请联系我！', 1),
(7,  29.5630000, 106.5516000, '重庆市渝中区解放碑步行街',           1, '暴雨导致解放碑地下通道积水严重，有两位老人被困在通道中间，急需救援！', 1),
(3,  23.1350000, 113.2700000, '广州市越秀区北京路地铁站',           3, '突然下大雨被困在北京路地铁站A出口，谁有多余的雨伞可以借一把？', 1),
(8,  36.0671000, 120.3826000, '青岛市市南区栈桥海边',               2, '手机不小心掉进栈桥旁边的海里了，有没有潜水爱好者能帮忙捞一下？愿意付费', 1),
(5,  22.5500000, 114.0600000, '深圳市福田区华强北地铁站B出口',      1, '路边发现一位流浪老人倒在地上，看起来身体很虚弱，华强北地铁站B出口旁边，需要帮助', 1),
(9,  39.9087000, 116.3975000, '北京市西城区金融街购物中心',         2, '在金融街购物中心停车场找不到自己的车了，白色特斯拉Model3，车牌京A开头', 1),
(10, 31.2400000, 121.4900000, '上海市浦东新区世纪公园',             3, '周末组织社区义工活动，在世纪公园捡垃圾，欢迎附近居民参加，上午9点南门集合', 1),
(11, 30.5700000, 104.0700000, '成都市武侯区天府广场地铁站',         1, '地铁站内有人突发心脏不适，面色苍白出冷汗，急需有急救经验的人帮忙！', 1),
(13, 28.2280000, 112.9388000, '长沙市岳麓区橘子洲头',               2, '在橘子洲头景区丢了一个黑色双肩包，里面有笔记本电脑和钥匙，万分着急', 1),
(14, 25.0389000, 102.7183000, '昆明市五华区翠湖公园',               3, '翠湖公园附近有只受伤的流浪猫，左前腿好像骨折了，有没有爱心人士能送去宠物医院？', 1),
(10, 31.2300000, 121.4700000, '上海市黄浦区外滩',                   2, '外滩观景台附近有位外国游客迷路了，不会说中文，谁能帮忙翻译指路？', 1),
(15, 39.9200000, 116.4600000, '北京市朝阳区三里屯太古里',           3, '三里屯太古里南区门口捡到一串钥匙，上面挂着一个小熊挂件，失主请联系', 1),
(7,  29.5580000, 106.5500000, '重庆市渝中区洪崖洞',                 2, '在洪崖洞景区一楼商铺附近丢了一个红色行李箱，里面有重要证件，急寻！', 1);

-- ========== 求助图片 ==========
INSERT INTO `help_image` (`help_id`,`url`,`sort_order`) VALUES
(1,  'https://picsum.photos/seed/help1a/400/300', 0),
(1,  'https://picsum.photos/seed/help1b/400/300', 1),
(3,  'https://picsum.photos/seed/help3a/400/300', 0),
(3,  'https://picsum.photos/seed/help3b/400/300', 1),
(6,  'https://picsum.photos/seed/help6a/400/300', 0),
(8,  'https://picsum.photos/seed/help8a/400/300', 0),
(9,  'https://picsum.photos/seed/help9a/400/300', 0),
(9,  'https://picsum.photos/seed/help9b/400/300', 1),
(12, 'https://picsum.photos/seed/help12a/400/300', 0),
(15, 'https://picsum.photos/seed/help15a/400/300', 0),
(16, 'https://picsum.photos/seed/help16a/400/300', 0),
(20, 'https://picsum.photos/seed/help20a/400/300', 0);

-- ========== 互动记录（祝福、转发） ==========
INSERT INTO `help_interaction` (`help_id`,`user_id`,`type`,`red_flower_amount`) VALUES
(1, 2,'bless',1),(1, 3,'bless',1),(1, 4,'share',2),(1, 5,'bless',1),(1, 9,'bless',1),
(2, 1,'bless',1),(2, 3,'share',2),(2,10,'bless',1),
(3, 1,'bless',1),(3, 2,'bless',1),(3, 4,'bless',1),(3, 5,'share',2),(3, 6,'bless',1),(3,11,'bless',1),
(5, 1,'bless',1),(5, 3,'bless',1),(5, 7,'share',2),
(6, 2,'share',2),(6, 4,'bless',1),(6,13,'bless',1),
(9, 1,'bless',1),(9, 2,'bless',1),(9, 3,'share',2),(9, 5,'bless',1),(9, 6,'bless',1),(9,10,'share',2),
(11,2,'bless',1),(11,7,'bless',1),
(12,1,'share',2),(12,3,'bless',1),(12,9,'bless',1),
(15,4,'bless',1),(15,8,'share',2),(15,13,'bless',1),
(16,1,'bless',1),(16,5,'bless',1),(16,10,'share',2),
(17,2,'bless',1),(17,6,'bless',1),
(20,3,'bless',1),(20,5,'share',2),(20,14,'bless',1);

-- ========== 打赏订单（10笔，8笔已支付、2笔待支付） ==========
INSERT INTO `tip_order` (`order_no`,`help_id`,`user_id`,`amount_cents`,`wx_transaction_id`,`status`,`pay_time`) VALUES
('T20260220001', 1,  3,  500,  'SANDBOX_T20260220001', 1, NOW()),
('T20260220002', 1,  5,  1000, 'SANDBOX_T20260220002', 1, NOW()),
('T20260220003', 3,  2,  2000, 'SANDBOX_T20260220003', 1, NOW()),
('T20260220004', 6,  1,  300,  'SANDBOX_T20260220004', 1, NOW()),
('T20260220005', 9,  4,  1500, 'SANDBOX_T20260220005', 1, NOW()),
('T20260220006', 9,  7,  500,  NULL,                   0, NULL),
('T20260220007', 12, 3,  800,  'SANDBOX_T20260220007', 1, NOW()),
('T20260220008', 15, 10, 600,  'SANDBOX_T20260220008', 1, NOW()),
('T20260220009', 3,  9,  1200, 'SANDBOX_T20260220009', 1, NOW()),
('T20260220010', 16, 5,  2500, NULL,                   0, NULL);

-- ========== 小红花流水 ==========
INSERT INTO `red_flower_log` (`user_id`,`biz_type`,`biz_id`,`amount`,`balance_after`,`remark`) VALUES
(2, 'bless','1', 1, 1,  '祝福求助'),(3, 'bless','1', 1, 1,  '祝福求助'),
(4, 'share','1', 2, 2,  '转发求助'),(5, 'bless','1', 1, 1,  '祝福求助'),
(9, 'bless','1', 1, 1,  '祝福求助'),(1, 'bless','2', 1, 1,  '祝福求助'),
(3, 'share','2', 2, 3,  '转发求助'),(10,'bless','2', 1, 1,  '祝福求助'),
(3, 'tip','T20260220001', 5,  8,  '打赏求助'),
(5, 'tip','T20260220002', 10, 11, '打赏求助'),
(2, 'tip','T20260220003', 20, 21, '打赏求助'),
(1, 'tip','T20260220004', 3,  4,  '打赏求助'),
(4, 'tip','T20260220005', 15, 17, '打赏求助'),
(3, 'tip','T20260220007', 8,  16, '打赏求助'),
(10,'tip','T20260220008', 6,  7,  '打赏求助'),
(9, 'tip','T20260220009', 12, 13, '打赏求助');

-- ========== 紧急联系人 ==========
INSERT INTO `help_contact` (`user_id`,`name_enc`,`phone_enc`,`relation`) VALUES
(1, '张建国', '138****1234', '父亲'),(1, '王秀英', '139****5678', '母亲'),
(2, '李娟',   '137****9012', '配偶'),(3, '王磊',   '136****3456', '兄弟'),
(5, '孙国强', '135****7890', '父亲'),(5, '赵美玲', '158****2345', '母亲'),
(7, '吴建华', '133****6789', '父亲'),(9, '刘芳',   '159****4567', '配偶'),
(10,'陈志强', '186****8901', '兄弟'),(13,'林秀珍', '152****3210', '母亲'),
(14,'何国栋', '188****7654', '父亲');

-- ========== 推送规则 ==========
INSERT INTO `push_rule` (`name`,`radius_km`,`urgency_levels`,`enabled`) VALUES
('高紧急推送-5公里范围',  5.00,  '1',     1),
('中紧急推送-10公里范围', 10.00, '1,2',   1),
('全量推送-50公里范围',   50.00, '1,2,3', 0);

-- ========== 推送日志（所有批次到达率 >= 95%） ==========
INSERT INTO `push_log` (`help_id`,`rule_id`,`total_count`,`success_count`,`fail_count`,`reach_rate`) VALUES
(1,  1, 120, 118, 2, 0.9833),
(3,  1, 85,  83,  2, 0.9765),
(6,  2, 200, 196, 4, 0.9800),
(9,  1, 150, 148, 2, 0.9867),
(12, 2, 180, 172, 8, 0.9556),
(15, 1, 95,  93,  2, 0.9789),
(11, 1, 110, 108, 2, 0.9818);

-- ========== 性能日志（所有接口响应 <= 500ms） ==========
INSERT INTO `perf_log` (`uri`,`method`,`duration_ms`,`status_code`) VALUES
('/api/mp/help/list',           'GET',  45,  200),
('/api/mp/help/nearby',         'GET',  120, 200),
('/api/mp/help/1',              'GET',  32,  200),
('/api/mp/auth/login',          'POST', 180, 200),
('/api/mp/tip/create',          'POST', 285, 200),
('/api/admin/help/list',        'GET',  38,  200),
('/api/mp/help',                'POST', 95,  200),
('/api/mp/experience/timeline', 'GET',  65,  200),
('/api/mp/upload/image',        'POST', 380, 200),
('/api/admin/order/list',       'GET',  42,  200),
('/api/admin/dashboard/stats',  'GET',  67,  200),
('/api/mp/contacts',            'GET',  28,  200),
('/api/mp/interaction/bless',   'POST', 78,  200),
('/api/admin/push/trigger',     'POST', 340, 200),
('/api/mp/badge/rules',         'GET',  22,  200);

-- ========== 用户位置（公众号粉丝位置） ==========
INSERT INTO `user_location` (`openid`,`latitude`,`longitude`) VALUES
('fan_beijing_01',  39.9100000, 116.4100000),
('fan_beijing_02',  39.9000000, 116.4000000),
('fan_shanghai_01', 31.2350000, 121.4750000),
('fan_shanghai_02', 31.2280000, 121.4700000),
('fan_guangzhou_01',23.1300000, 113.2650000),
('fan_guangzhou_02',23.1250000, 113.2600000),
('fan_chengdu_01',  30.5750000, 104.0650000),
('fan_shenzhen_01', 22.5450000, 114.0580000),
('fan_xian_01',     34.2600000, 108.9300000),
('fan_chongqing_01',29.5650000, 106.5520000),
('fan_qingdao_01',  36.0680000, 120.3830000),
('fan_beijing_03',  39.9080000, 116.3980000),
('fan_changsha_01', 28.2300000, 112.9400000),
('fan_kunming_01',  25.0400000, 102.7200000),
('fan_beijing_04',  39.9210000, 116.4610000);

-- ========== 助人经历（8条） ==========
INSERT INTO `experience_note` (`user_id`,`title`,`content`,`help_id`,`status`) VALUES
(1,  '帮助老人过马路',     '今天在天安门附近看到一位老人摔倒在路边，赶紧上前扶起并拨打了120急救电话，陪老人等到救护车来才离开。老人的家属后来打电话感谢我，心里很温暖。', 1, 1),
(3,  '找回走失儿童',       '在天河城帮忙找到了走失的小朋友，和商场保安一起在三楼玩具店找到了他。小朋友的妈妈哭着感谢我们，这种时刻觉得举手之劳真的很有意义。', 3, 1),
(5,  '紧急送药给同事',     '同事在办公室突发低血糖晕倒了，我跑了三条街终于在便利店买到了葡萄糖口服液。看到她慢慢恢复过来，悬着的心才放下。', 6, 1),
(7,  '暴雨中救助被困老人', '重庆突降暴雨，解放碑地下通道积水很深。我和几个路人一起把两位被困的老人背了出来，虽然全身湿透了，但看到老人安全到达地面，觉得一切都值得。', 9, 1),
(9,  '帮邻居找回丢失的猫', '邻居家的猫跑丢了三天，老奶奶急得吃不下饭。我在小区周围找了两个晚上，终于在地下车库的角落找到了。老奶奶高兴得直掉眼泪。', NULL, 1),
(10, '社区义工捡垃圾活动', '周末组织了小区居民在世纪公园做义工，一共来了二十多人，捡了满满六大袋垃圾。大家一起劳动的感觉特别好，约好下个月继续。', 14, 1),
(13, '帮助外国游客指路',   '在外滩遇到一位迷路的外国游客，用英语帮他查了地图，带他走到最近的地铁站。临走时他竖起大拇指说上海人真热情，作为新上海人挺自豪的。', 18, 1),
(2,  '归还捡到的钱包',     '在南京路步行街捡到一个钱包，里面有身份证和好几张银行卡。通过身份证上的信息联系到了失主，失主从浦东赶过来取，非常感激。', 2, 1);

-- ========== 用户勋章记录 ==========
INSERT INTO `user_badge` (`user_id`,`badge_level`) VALUES
(1,1),(1,2),(2,1),(3,1),(3,2),(3,3),(5,1),(5,2),
(7,1),(7,2),(7,3),(8,1),(8,2),(8,3),(8,4),
(9,1),(9,2),(10,1),(10,2),(13,1),(13,2),(13,3),
(14,1),(14,2),(14,3),(14,4),(15,1),(15,2);
